X,Y,Z,TrackID,Name
91.1,526.66838,22,1,ALA
95.75521,520.26969,22,2,URXR
94.01718,523.22638,15,3,CEPDR
95.60436,523.5437,28,4,URXL
101.95308,525.44766,31,5,CEPDL
260.86052,502.76172,22,6,DD6
288.67773,500.89005,22,7,VD12
427.58298,245.38904,33,8,VA7
456.61021,243.74656,33,9,VB8
523.97527,241.55659,33,10,AS7
550.81177,241.00909,33,11,VD8
